{"id":"My-Finances-5e7a302","budgetName":"Chester's Budget","userId":"2d518696-42aa-4ea9-b42d-bcc81fc8bdd0","lastUploaded":"2023-07-30","cloudFileId":"0b2ab061-eeaa-416d-9e76-2132d12049ba","groupId":"f495c16f-0795-462f-b6a6-faac26defac1","lastSyncedTimestamp":"2023-07-30T10:12:55.544Z-0000-bb97987ff3fa43d5","lastScheduleRun":"2023-08-01","budget.collapsed":["fc3825fd-b982-4b72-b768-5b30844cf832","c8068b5b-f2d0-42dc-bea7-5a9a7652aa91","e9bed603-0f14-424a-a757-819e5d0b6cb2","b6929b28-d570-4d41-a5a1-456539a3bf00","3ba78d16-5e44-4ea7-9d68-4baf75e26f81","ae540338-5b9b-41c7-818b-fc5260679a27","814e624a-707c-4fdc-afa5-9a7992fab583","2E1F5BDB-209B-43F9-AF2C-3CE28E380C00","320c0f7f-c040-450f-a04a-bcd584de207a"],"expand-splits":true,"dateFormat":"dd/MM/yyyy","budget.showHiddenCategories":true,"show-extra-balances-budgeted":false,"resetClock":true}