{"id":"My-Finances-5e7a302","budgetName":"Chester's Budget","userId":"2d518696-42aa-4ea9-b42d-bcc81fc8bdd0","resetClock":true,"cloudFileId":"0b2ab061-eeaa-416d-9e76-2132d12049ba","groupId":"f495c16f-0795-462f-b6a6-faac26defac1","lastUploaded":"2024-01-13","encryptKeyId":null,"lastSyncedTimestamp":"2024-01-13T12:22:30.852Z-0000-beacb6809ce47fdd","lastScheduleRun":"2024-04-06","budget.collapsed":[],"show-extra-balances-f8fd3ee8-073c-4e6f-a7f7-918c9092af0b":false,"show-extra-balances-e9300871-a6f2-4f31-82cd-be8e5646d02e":false,"ofx-fallback-missing-payee-f8fd3ee8-073c-4e6f-a7f7-918c9092af0b":true,"ofx-fallback-missing-payee-cfd874eb-af10-4bce-ae97-22b46d0c94f0":true,"ofx-fallback-missing-payee-655c8c5d-b583-4a64-ac64-02b492fab87e":true,"ofx-fallback-missing-payee-146b59d0-5982-47e1-89d9-5d4ce3e9da58":true,"ofx-fallback-missing-payee-a41e09d3-161a-4caa-b968-e847a22c8888":true,"ofx-fallback-missing-payee-c7150b25-72b8-40c4-a19d-f7a1dd8c4be3":true,"ofx-fallback-missing-payee-2fda059e-2318-48f8-acca-658c40eda44a":true,"ofx-fallback-missing-payee-2e6cd386-ca2d-4fe9-a9c0-6dd346810f25":true,"dateFormat":"dd/MM/yyyy","firstDayOfWeekIdx":"1","flags.updateNotificationShownForVersion":"v24.4.0","ofx-fallback-missing-payee-5aa3e214-4c6f-4a90-8603-e7232ae04150":true}